"t","year","l","al","ga","sigma","rr","etree","cost1","pbacktime","partfract","forcoth","cpricebase"
"1",2010.0000000000,6838.0000000000,3.8000000000,0.0158000000,0.5491283629,1.0000000000,3.3000000000,0.0674643417,344.0000000000,1.0000000000,0.2500000000,1.0000000000
"2",2011.0000000000,6921.6907016458,3.8610038610,0.0157054838,0.5436535603,0.9852216749,3.1559632493,0.0664543739,342.2625373975,1.0000000000,0.2550000000,1.0200000000
"3",2012.0000000000,7003.9886114076,3.9226103545,0.0156115331,0.5382387346,0.9706617486,3.0182133427,0.0654601817,340.5338503074,1.0000000000,0.2600000000,1.0404000000
"4",2013.0000000000,7084.8893869052,3.9848194958,0.0155181443,0.5328831750,0.9563169937,2.8864758752,0.0644815085,338.8138944068,1.0000000000,0.2650000000,1.0612080000
"5",2014.0000000000,7164.3904685984,4.0476312212,0.0154253142,0.5275861800,0.9421842303,2.7604884188,0.0635181023,337.1026255965,1.0000000000,0.2700000000,1.0824321600
"6",2015.0000000000,7242.4909902817,4.1110453881,0.0153330394,0.5223470566,0.9282603254,2.6400000000,0.0625697153,335.4000000000,1.0000000000,0.2750000000,1.1040808032
"7",2016.0000000000,7319.1916909557,4.1750617749,0.0152413166,0.5171651209,0.9145421925,2.5247705994,0.0616361037,333.7059739625,1.0000000000,0.2800000000,1.1261624193
"8",2017.0000000000,7394.4948282736,4.2396800815,0.0151501425,0.5120396976,0.9010267907,2.4145706742,0.0607170280,332.0205040497,1.0000000000,0.2850000000,1.1486856676
"9",2018.0000000000,7468.4040937392,4.3048999290,0.0150595138,0.5069701197,0.8877111238,2.3091807002,0.0598122527,330.3435470466,1.0000000000,0.2900000000,1.1716593810
"10",2019.0000000000,7540.9245298068,4.3707208602,0.0149694273,0.5019557290,0.8745922402,2.2083907351,0.0589215462,328.6750599566,1.0000000000,0.2950000000,1.1950925686
"11",2020.0000000000,7612.0624490151,4.4371423398,0.0148798796,0.4969958753,0.8616672317,2.1120000000,0.0580446808,327.0150000000,1.0000000000,0.3000000000,1.2189944200
"12",2021.0000000000,7681.8253552654,4.5041637543,0.0147908677,0.4920899167,0.8489332332,2.0198164796,0.0571814326,325.3633246135,1.0000000000,0.3050000000,1.2433743084
"13",2022.0000000000,7750.2218673353,4.5717844125,0.0147023882,0.4872372195,0.8363874219,1.9316565393,0.0563315816,323.7199914485,1.0000000000,0.3100000000,1.2682417946
"14",2023.0000000000,7817.2616447035,4.6400035457,0.0146144379,0.4824371577,0.8240270166,1.8473445601,0.0554949114,322.0849583705,1.0000000000,0.3150000000,1.2936066305
"15",2024.0000000000,7882.9553157448,4.7088203079,0.0145270138,0.4776891135,0.8118492775,1.7667125881,0.0546712091,320.4581834577,1.0000000000,0.3200000000,1.3194787631
"16",2025.0000000000,7947.3144083379,4.7782337761,0.0144401127,0.4729924767,0.7998515049,1.6896000000,0.0538602657,318.8396250000,1.0000000000,0.3250000000,1.3458683383
"17",2026.0000000000,8010.3512829188,4.8482429508,0.0143537315,0.4683466447,0.7880310393,1.6158531836,0.0530618753,317.2292414981,1.0000000000,0.3300000000,1.3727857051
"18",2027.0000000000,8072.0790679965,4.9188467562,0.0142678669,0.4637510226,0.7763852604,1.5453252315,0.0522758358,315.6269916623,1.0000000000,0.3350000000,1.4002414192
"19",2028.0000000000,8132.5115981392,4.9900440405,0.0141825160,0.4592050230,0.7649115866,1.4778756481,0.0515019482,314.0328344112,1.0000000000,0.3400000000,1.4282462476
"20",2029.0000000000,8191.6633544282,5.0618335763,0.0140976757,0.4547080656,0.7536074745,1.4133700704,0.0507400170,312.4467288712,1.0000000000,0.3450000000,1.4568111725
"21",2030.0000000000,8249.5494073664,5.1342140611,0.0140133429,0.4502595776,0.7424704182,1.3516800000,0.0499898500,310.8686343750,1.0000000000,0.3500000000,1.4859473960
"22",2031.0000000000,8306.1853622231,5.2071841177,0.0139295146,0.4458589933,0.7314979490,1.2926825469,0.0492512580,309.2985104607,1.0000000000,0.3550000000,1.5156663439
"23",2032.0000000000,8361.5873067861,5.2807422945,0.0138461877,0.4415057541,0.7206876345,1.2362601852,0.0485240552,307.7363168707,1.0000000000,0.3600000000,1.5459796708
"24",2033.0000000000,8415.7717614884,5.3548870661,0.0137633593,0.4371993083,0.7100370783,1.1823005185,0.0478080588,306.1820135509,1.0000000000,0.3650000000,1.5768992642
"25",2034.0000000000,8468.7556318689,5.4296168336,0.0136810264,0.4329391111,0.6995439195,1.1306960564,0.0471030889,304.6355606494,1.0000000000,0.3700000000,1.6084372495
"26",2035.0000000000,8520.5561633235,5.5049299253,0.0135991860,0.4287246247,0.6892058320,1.0813440000,0.0464089688,303.0969185156,1.0000000000,0.3750000000,1.6406059945
"27",2036.0000000000,8571.1908980982,5.5808245972,0.0135178352,0.4245553176,0.6790205242,1.0341460375,0.0457255247,301.5660476992,1.0000000000,0.3800000000,1.6734181144
"28",2037.0000000000,8620.6776344703,5.6572990332,0.0134369710,0.4204306653,0.6689857381,0.9890081481,0.0450525857,300.0429089489,1.0000000000,0.3850000000,1.7068864766
"29",2038.0000000000,8669.0343880635,5.7343513462,0.0133565906,0.4163501497,0.6590992494,0.9458404148,0.0443899836,298.5274632122,1.0000000000,0.3900000000,1.7410242062
"30",2039.0000000000,8716.2793552397,5.8119795779,0.0132766910,0.4123132590,0.6493588664,0.9045568451,0.0437375531,297.0196716332,1.0000000000,0.3950000000,1.7758446903
"31",2040.0000000000,8762.4308785046,5.8901817002,0.0131972693,0.4083194879,0.6397624299,0.8650752000,0.0430951318,295.5194955527,1.0000000000,0.4000000000,1.8113615841
"32",2041.0000000000,8807.5074138691,5.9689556151,0.0131183228,0.4043683374,0.6303078127,0.8273168300,0.0424625598,294.0268965067,1.0000000000,0.4050000000,1.8475888158
"33",2042.0000000000,8851.5275001009,6.0482991558,0.0130398485,0.4004593147,0.6209929189,0.7912065185,0.0418396797,292.5418362252,1.0000000000,0.4100000000,1.8845405921
"34",2043.0000000000,8894.5097298044,6.1282100871,0.0129618437,0.3965919328,0.6118156837,0.7566723318,0.0412263372,291.0642766319,1.0000000000,0.4150000000,1.9222314039
"35",2044.0000000000,8936.4727222631,6.2086861058,0.0128843055,0.3927657112,0.6027740726,0.7236454761,0.0406223800,289.5941798424,1.0000000000,0.4200000000,1.9606760320
"36",2045.0000000000,8977.4350979826,6.2897248420,0.0128072311,0.3889801750,0.5938660814,0.6920601600,0.0400276587,288.1315081639,1.0000000000,0.4250000000,1.9998895527
"37",2046.0000000000,9017.4154548672,6.3713238590,0.0127306178,0.3852348553,0.5850897353,0.6618534640,0.0394420263,286.6762240940,1.0000000000,0.4300000000,2.0398873437
"38",2047.0000000000,9056.4323459684,6.4534806544,0.0126544628,0.3815292891,0.5764430890,0.6329652148,0.0388653382,285.2282903196,1.0000000000,0.4350000000,2.0806850906
"39",2048.0000000000,9094.5042587413,6.5361926610,0.0125787633,0.3778630188,0.5679242256,0.6053378655,0.0382974520,283.7876697161,1.0000000000,0.4400000000,2.1222987924
"40",2049.0000000000,9131.6495957449,6.6194572470,0.0125035167,0.3742355928,0.5595312568,0.5789163809,0.0377382280,282.3543253463,1.0000000000,0.4450000000,2.1647447682
"41",2050.0000000000,9167.8866567272,6.7032717168,0.0124287202,0.3706465648,0.5512623219,0.5536481280,0.0371875285,280.9282204598,1.0000000000,0.4500000000,2.2080396636
"42",2051.0000000000,9203.2336220323,6.7876333121,0.0123543712,0.3670954941,0.5431155881,0.5294827712,0.0366452184,279.5093184917,1.0000000000,0.4550000000,2.2522004569
"43",2052.0000000000,9237.7085372706,6.8725392122,0.0122804669,0.3635819456,0.5350892494,0.5063721718,0.0361111644,278.0975830616,1.0000000000,0.4600000000,2.2972444660
"44",2053.0000000000,9271.3292991942,6.9579865353,0.0122070047,0.3601054891,0.5271815265,0.4842702924,0.0355852358,276.6929779732,1.0000000000,0.4650000000,2.3431893553
"45",2054.0000000000,9304.1136427204,7.0439723385,0.0121339819,0.3566657002,0.5193906665,0.4631331047,0.0350673038,275.2954672127,1.0000000000,0.4700000000,2.3900531425
"46",2055.0000000000,9336.0791290480,7.1304936192,0.0120613960,0.3532621594,0.5117149423,0.4429185024,0.0345572418,273.9050149483,1.0000000000,0.4750000000,2.4378542053
"47",2056.0000000000,9367.2431348121,7.2175473156,0.0119892443,0.3498944523,0.5041526526,0.4235862170,0.0340549253,272.5215855294,1.0000000000,0.4800000000,2.4866112894
"48",2057.0000000000,9397.6228422257,7.3051303076,0.0119175242,0.3465621698,0.4967021207,0.4050977375,0.0335602319,271.1451434851,1.0000000000,0.4850000000,2.5363435152
"49",2058.0000000000,9427.2352301568,7.3932394174,0.0118462332,0.3432649077,0.4893616953,0.3874162339,0.0330730410,269.7756535238,1.0000000000,0.4900000000,2.5870703855
"50",2059.0000000000,9456.0970660924,7.4818714106,0.0117753686,0.3400022668,0.4821297491,0.3705064837,0.0325932342,268.4130805323,1.0000000000,0.4950000000,2.6388117932
"51",2060.0000000000,9484.2248989409,7.5710229967,0.0117049279,0.3367738526,0.4750046789,0.3543348019,0.0321206950,267.0573895746,1.0000000000,0.5000000000,2.6915880291
"52",2061.0000000000,9511.6350526288,7.6606908305,0.0116349086,0.3335792756,0.4679849053,0.3388689736,0.0316553087,265.7085458911,1.0000000000,0.5050000000,2.7454197897
"53",2062.0000000000,9538.3436204453,7.7508715120,0.0115653081,0.3304181511,0.4610688722,0.3240781900,0.0311969625,264.3665148979,1.0000000000,0.5100000000,2.8003281854
"54",2063.0000000000,9564.3664600948,7.8415615881,0.0114961241,0.3272900988,0.4542550465,0.3099329871,0.0307455456,263.0312621857,1.0000000000,0.5150000000,2.8563347492
"55",2064.0000000000,9589.7191894135,7.9327575531,0.0114273538,0.3241947435,0.4475419178,0.2964051870,0.0303009489,261.7027535190,1.0000000000,0.5200000000,2.9134614441
"56",2065.0000000000,9614.4171827133,8.0244558493,0.0113589950,0.3211317140,0.4409279978,0.2834678415,0.0298630651,260.3809548352,1.0000000000,0.5250000000,2.9717306730
"57",2066.0000000000,9638.4755677142,8.1166528686,0.0112910451,0.3181006442,0.4344118205,0.2710951789,0.0294317886,259.0658322439,1.0000000000,0.5300000000,3.0311652865
"58",2067.0000000000,9661.9092230287,8.2093449525,0.0112235016,0.3151011720,0.4279919414,0.2592625520,0.0290070156,257.7573520255,1.0000000000,0.5350000000,3.0917885922
"59",2068.0000000000,9684.7327761646,8.3025283935,0.0111563622,0.3121329400,0.4216669373,0.2479463897,0.0285886440,256.4554806311,1.0000000000,0.5400000000,3.1536243641
"60",2069.0000000000,9706.9606020119,8.3961994358,0.0110896245,0.3091955949,0.4154354062,0.2371241496,0.0281765732,255.1601846811,1.0000000000,0.5450000000,3.2166968513
"61",2070.0000000000,9728.6068217838,8.4903542765,0.0110232860,0.3062887878,0.4092959667,0.2267742732,0.0277707046,253.8714309644,1.0000000000,0.5500000000,3.2810307884
"62",2071.0000000000,9749.6853023797,8.5849890659,0.0109573443,0.3034121741,0.4032472579,0.2168761431,0.0273709408,252.5891864378,1.0000000000,0.5550000000,3.3466514041
"63",2072.0000000000,9770.2096561431,8.6800999088,0.0108917970,0.3005654133,0.3972879388,0.2074100416,0.0269771862,251.3134182249,1.0000000000,0.5600000000,3.4135844322
"64",2073.0000000000,9790.1932409859,8.7756828654,0.0108266419,0.2977481690,0.3914166884,0.1983571118,0.0265893468,250.0440936153,1.0000000000,0.5650000000,3.4818561209
"65",2074.0000000000,9809.6491608536,8.8717339520,0.0107618765,0.2949601088,0.3856322054,0.1896993197,0.0262073300,248.7811800640,1.0000000000,0.5700000000,3.5514932433
"66",2075.0000000000,9828.5902665064,8.9682491421,0.0106974986,0.2922009045,0.3799332073,0.1814194186,0.0258310447,247.5246451903,1.0000000000,0.5750000000,3.6225231081
"67",2076.0000000000,9847.0291565924,9.0652243672,0.0106335058,0.2894702318,0.3743184308,0.1735009145,0.0254604015,246.2744567768,1.0000000000,0.5800000000,3.6949735703
"68",2077.0000000000,9864.9781789908,9.1626555178,0.0105698958,0.2867677702,0.3687866313,0.1659280333,0.0250953121,245.0305827692,1.0000000000,0.5850000000,3.7688730417
"69",2078.0000000000,9882.4494324043,9.2605384440,0.0105066663,0.2840932032,0.3633365826,0.1586856894,0.0247356899,243.7929912749,1.0000000000,0.5900000000,3.8442505025
"70",2079.0000000000,9899.4547681790,9.3588689570,0.0104438150,0.2814462181,0.3579670764,0.1517594557,0.0243814497,242.5616505624,1.0000000000,0.5950000000,3.9211355126
"71",2080.0000000000,9916.0057923350,9.4576428293,0.0103813398,0.2788265058,0.3526769226,0.1451355349,0.0240325075,241.3365290605,1.0000000000,0.6000000000,3.9995582228
"72",2081.0000000000,9932.1138677880,9.5568557963,0.0103192382,0.2762337611,0.3474649484,0.1388007316,0.0236887809,240.1175953574,1.0000000000,0.6050000000,4.0795493873
"73",2082.0000000000,9947.7901167452,9.6565035567,0.0102575082,0.2736676825,0.3423299984,0.1327424266,0.0233501885,238.9048182000,1.0000000000,0.6100000000,4.1611403751
"74",2083.0000000000,9963.0454232601,9.7565817738,0.0101961474,0.2711279719,0.3372709344,0.1269485515,0.0230166506,237.6981664931,1.0000000000,0.6150000000,4.2443631826
"75",2084.0000000000,9977.8904359305,9.8570860761,0.0101351536,0.2686143349,0.3322866349,0.1214075646,0.0226880886,236.4976092984,1.0000000000,0.6200000000,4.3292504462
"76",2085.0000000000,9992.3355707251,9.9580120583,0.0100745248,0.2661264807,0.3273759949,0.1161084279,0.0223644250,235.3031158340,1.0000000000,0.6250000000,4.4158354551
"77",2086.0000000000,10006.3910139263,10.0593552825,0.0100142586,0.2636641219,0.3225379260,0.1110405853,0.0220455840,234.1146554735,1.0000000000,0.6300000000,4.5041521642
"78",2087.0000000000,10020.0667251752,10.1611112788,0.0099543530,0.2612269746,0.3177713557,0.1061939413,0.0217314905,232.9321977450,1.0000000000,0.6350000000,4.5942352075
"79",2088.0000000000,10033.3724406078,10.2632755462,0.0098948057,0.2588147582,0.3130752273,0.1015588412,0.0214220709,231.7557123307,1.0000000000,0.6400000000,4.6861199117
"80",2089.0000000000,10046.3176760713,10.3658435539,0.0098356146,0.2564271955,0.3084484998,0.0971260517,0.0211172529,230.5851690659,1.0000000000,0.6450000000,4.7798423099
"81",2090.0000000000,10058.9117304096,10.4688107415,0.0097767776,0.2540640126,0.3038901476,0.0928867423,0.0208169652,229.4205379381,1.0000000000,0.6500000000,4.8754391561
"82",2091.0000000000,10071.1636888078,10.5721725209,0.0097182926,0.2517249390,0.2993991602,0.0888324682,0.0205211375,228.2617890866,1.0000000000,0.6550000000,4.9729479392
"83",2092.0000000000,10083.0824261877,10.6759242763,0.0096601574,0.2494097072,0.2949745421,0.0849551530,0.0202297009,227.1088928014,1.0000000000,0.6600000000,5.0724068980
"84",2093.0000000000,10094.6766106448,10.7800613657,0.0096023700,0.2471180530,0.2906153124,0.0812470730,0.0199425875,225.9618195225,1.0000000000,0.6650000000,5.1738550360
"85",2094.0000000000,10105.9547069189,10.8845791214,0.0095449282,0.2448497154,0.2863205048,0.0777008413,0.0196597304,224.8205398393,1.0000000000,0.6700000000,5.2773321367
"86",2095.0000000000,10116.9249798906,10.9894728513,0.0094878301,0.2426044365,0.2820891673,0.0743093939,0.0193810640,223.6850244897,1.0000000000,0.6750000000,5.3828787794
"87",2096.0000000000,10127.5954980981,11.0947378394,0.0094310736,0.2403819613,0.2779203619,0.0710659746,0.0191065236,222.5552443595,1.0000000000,0.6800000000,5.4905363550
"88",2097.0000000000,10137.9741372657,11.2003693471,0.0093746566,0.2381820379,0.2738131644,0.0679641224,0.0188360455,221.4311704813,1.0000000000,0.6850000000,5.6003470821
"89",2098.0000000000,10148.0685838395,11.3063626138,0.0093185771,0.2360044176,0.2697666644,0.0649976584,0.0185695671,220.3127740344,1.0000000000,0.6900000000,5.7123540237
"90",2099.0000000000,10157.8863385242,11.4127128579,0.0092628330,0.2338488544,0.2657799650,0.0621606731,0.0183070268,219.2000263433,1.0000000000,0.6950000000,5.8266011042
"91",2100.0000000000,10167.4347198162,11.5194152777,0.0092074224,0.2317151053,0.2618521822,0.0594475151,0.0180483639,218.0928988774,1.0000000000,0.7000000000,5.9431331263
"92",2101.0000000000,10176.7208675271,11.6264650524,0.0091523433,0.2296029301,0.2579824455,0.0568527797,0.0177935189,216.9913632505,1.0000000000,0.7000000000,6.0619957888
"93",2102.0000000000,10185.7517462950,11.7338573425,0.0090975936,0.2275120916,0.2541698971,0.0543712979,0.0175424329,215.8953912193,1.0000000000,0.7000000000,6.1832357046
"94",2103.0000000000,10194.5341490780,11.8415872913,0.0090431715,0.2254423553,0.2504136917,0.0519981267,0.0172950482,214.8049546835,1.0000000000,0.7000000000,6.3069004187
"95",2104.0000000000,10203.0747006268,11.9496500256,0.0089890749,0.2233934895,0.2467129968,0.0497285385,0.0170513080,213.7200256847,1.0000000000,0.7000000000,6.4330384271
"96",2105.0000000000,10211.3798609328,12.0580406562,0.0089353019,0.2213652652,0.2430669919,0.0475580121,0.0168111563,212.6405764055,1.0000000000,0.7000000000,6.5616991956
"97",2106.0000000000,10219.4559286487,12.1667542792,0.0088818506,0.2193574561,0.2394748688,0.0454822237,0.0165745381,211.5665791692,1.0000000000,0.7000000000,6.6929331795
"98",2107.0000000000,10227.3090444791,12.2757859767,0.0088287191,0.2173698387,0.2359358314,0.0434970384,0.0163413992,210.4980064388,1.0000000000,0.7000000000,6.8267918431
"99",2108.0000000000,10234.9451945378,12.3851308175,0.0087759054,0.2154021919,0.2324490949,0.0415985014,0.0161116863,209.4348308165,1.0000000000,0.7000000000,6.9633276800
"100",2109.0000000000,10242.3702136695,12.4947838583,0.0087234076,0.2134542974,0.2290138866,0.0397828308,0.0158853470,208.3770250426,1.0000000000,0.7000000000,7.1025942336
"101",2110.0000000000,10249.5897887346,12.6047401441,0.0086712239,0.2115259393,0.2256294450,0.0380464097,0.0156623295,207.3245619954,1.0000000000,0.7000000000,7.2446461183
"102",2111.0000000000,10256.6094618545,12.7149947095,0.0086193523,0.2096169044,0.2222950197,0.0363857790,0.0154425833,206.2774146900,1.0000000000,0.7000000000,7.3895390406
"103",2112.0000000000,10263.4346336158,12.8255425791,0.0085677910,0.2077269819,0.2190098716,0.0347976307,0.0152260581,205.2355562779,1.0000000000,0.7000000000,7.5373298214
"104",2113.0000000000,10270.0705662319,12.9363787687,0.0085165382,0.2058559635,0.2157732725,0.0332788011,0.0150127049,204.1989600460,1.0000000000,0.7000000000,7.6880764179
"105",2114.0000000000,10276.5223866608,13.0474982859,0.0084655919,0.2040036434,0.2125845049,0.0318262646,0.0148024752,203.1675994165,1.0000000000,0.7000000000,7.8418379462
"106",2115.0000000000,10282.7950896782,13.1588961308,0.0084149505,0.2021698181,0.2094428620,0.0304371277,0.0145953213,202.1414479455,1.0000000000,0.7000000000,7.9986747051
"107",2116.0000000000,10288.8935409038,13.2705672971,0.0083646119,0.2003542865,0.2063476473,0.0291086232,0.0143911965,201.1204793227,1.0000000000,0.7000000000,8.1586481992
"108",2117.0000000000,10294.8224797813,13.3825067728,0.0083145745,0.1985568500,0.2032981747,0.0278381045,0.0141900544,200.1046673709,1.0000000000,0.7000000000,8.3218211632
"109",2118.0000000000,10300.5865225109,13.4947095408,0.0082648364,0.1967773121,0.2002937682,0.0266230409,0.0139918498,199.0939860449,1.0000000000,0.7000000000,8.4882575865
"110",2119.0000000000,10306.1901649329,13.6071705798,0.0082153959,0.1950154787,0.1973337617,0.0254610117,0.0137965379,198.0884094311,1.0000000000,0.7000000000,8.6580227382
"111",2120.0000000000,10311.6377853629,13.7198848654,0.0081662511,0.1932711580,0.1944174992,0.0243497022,0.0136040746,197.0879117468,1.0000000000,0.7000000000,8.8311831930
"112",2121.0000000000,10316.9336473783,13.8328473703,0.0081174003,0.1915441604,0.1915443342,0.0232868985,0.0134144168,196.0924673397,1.0000000000,0.7000000000,9.0078068568
"113",2122.0000000000,10322.0819025548,13.9460530653,0.0080688417,0.1898342985,0.1887136298,0.0222704836,0.0132275218,195.1020506866,1.0000000000,0.7000000000,9.1879629940
"114",2123.0000000000,10327.0865931537,14.0594969203,0.0080205736,0.1881413871,0.1859247584,0.0212984327,0.0130433476,194.1166363938,1.0000000000,0.7000000000,9.3717222539
"115",2124.0000000000,10331.9516547595,14.1731739047,0.0079725942,0.1864652431,0.1831771019,0.0203688094,0.0128618530,193.1361991953,1.0000000000,0.7000000000,9.5591566989
"116",2125.0000000000,10336.6809188678,14.2870789883,0.0079249019,0.1848056856,0.1804700511,0.0194797617,0.0126829973,192.1607139532,1.0000000000,0.7000000000,9.7503398329
"117",2126.0000000000,10341.2781154235,14.4012071420,0.0078774948,0.1831625358,0.1778030060,0.0186295188,0.0125067406,191.1901556562,1.0000000000,0.7000000000,9.9453466296
"118",2127.0000000000,10345.7468753100,14.5155533385,0.0078303714,0.1815356169,0.1751753754,0.0178163869,0.0123330435,190.2244994195,1.0000000000,0.7000000000,10.1442535622
"119",2128.0000000000,10350.0907327882,14.6301125533,0.0077835298,0.1799247541,0.1725865767,0.0170387462,0.0121618673,189.2637204839,1.0000000000,0.7000000000,10.3471386334
"120",2129.0000000000,10354.3131278877,14.7448797646,0.0077369685,0.1783297749,0.1700360362,0.0162950475,0.0119931738,188.3077942154,1.0000000000,0.7000000000,10.5540814061
"121",2130.0000000000,10358.4174087482,14.8598499552,0.0076906856,0.1767505086,0.1675231884,0.0155838094,0.0118269255,187.3566961043,1.0000000000,0.7000000000,10.7651630342
"122",2131.0000000000,10362.4068339132,14.9750181120,0.0076446797,0.1751867863,0.1650474762,0.0149036151,0.0116630854,186.4104017648,1.0000000000,0.7000000000,10.9804662949
"123",2132.0000000000,10366.2845745757,15.0903792275,0.0075989489,0.1736384415,0.1626083510,0.0142531095,0.0115016173,185.4688869340,1.0000000000,0.7000000000,11.2000756208
"124",2133.0000000000,10370.0537167756,15.2059283002,0.0075534918,0.1721053091,0.1602052719,0.0136309969,0.0113424853,184.5321274718,1.0000000000,0.7000000000,11.4240771332
"125",2134.0000000000,10373.7172635512,15.3216603352,0.0075083065,0.1705872263,0.1578377063,0.0130360380,0.0111856542,183.6000993601,1.0000000000,0.7000000000,11.6525586759
"126",2135.0000000000,10377.2781370437,15.4375703448,0.0074633915,0.1690840321,0.1555051294,0.0124670475,0.0110310893,182.6727787017,1.0000000000,0.7000000000,11.8856098494
"127",2136.0000000000,10380.7391805549,15.5536533496,0.0074187453,0.1675955672,0.1532070240,0.0119228921,0.0108787565,181.7501417206,1.0000000000,0.7000000000,12.1233220464
"128",2137.0000000000,10384.1031605610,15.6699043784,0.0073743661,0.1661216743,0.1509428808,0.0114024876,0.0107286221,180.8321647606,1.0000000000,0.7000000000,12.3657884873
"129",2138.0000000000,10387.3727686801,15.7863184694,0.0073302523,0.1646621978,0.1487121978,0.0109047975,0.0105806532,179.9188242850,1.0000000000,0.7000000000,12.6131042570
"130",2139.0000000000,10390.5506235963,15.9028906709,0.0072864025,0.1632169840,0.1465144806,0.0104288304,0.0104348172,179.0100968761,1.0000000000,0.7000000000,12.8653663422
"131",2140.0000000000,10393.6392729400,16.0196160412,0.0072428150,0.1617858808,0.1443492420,0.0099736380,0.0102910820,178.1059592342,1.0000000000,0.7000000000,13.1226736690
"132",2141.0000000000,10396.6411951251,16.1364896502,0.0071994882,0.1603687379,0.1422160019,0.0095383136,0.0101494160,177.2063881776,1.0000000000,0.7000000000,13.3851271424
"133",2142.0000000000,10399.5588011437,16.2535065790,0.0071564206,0.1589654069,0.1401142876,0.0091219901,0.0100097883,176.3113606416,1.0000000000,0.7000000000,13.6528296853
"134",2143.0000000000,10402.3944363197,16.3706619212,0.0071136106,0.1575757410,0.1380436331,0.0087238380,0.0098721682,175.4208536779,1.0000000000,0.7000000000,13.9258862790
"135",2144.0000000000,10405.1503820211,16.4879507833,0.0070710568,0.1561995949,0.1360035794,0.0083430643,0.0097365257,174.5348444542,1.0000000000,0.7000000000,14.2044040045
"136",2145.0000000000,10407.8288573315,16.6053682850,0.0070287574,0.1548368251,0.1339936743,0.0079789104,0.0096028312,173.6533102533,1.0000000000,0.7000000000,14.4884920846
"137",2146.0000000000,10410.4320206833,16.7229095601,0.0069867112,0.1534872899,0.1320134722,0.0076306509,0.0094710554,172.7762284732,1.0000000000,0.7000000000,14.7782619263
"138",2147.0000000000,10412.9619714504,16.8405697569,0.0069449164,0.1521508490,0.1300625342,0.0072975921,0.0093411697,171.9035766256,1.0000000000,0.7000000000,15.0738271648
"139",2148.0000000000,10415.4207515040,16.9583440387,0.0069033717,0.1508273637,0.1281404278,0.0069790704,0.0092131458,171.0353323360,1.0000000000,0.7000000000,15.3753037081
"140",2149.0000000000,10417.8103467303,17.0762275844,0.0068620755,0.1495166970,0.1262467269,0.0066744514,0.0090869559,170.1714733428,1.0000000000,0.7000000000,15.6828097823
"141",2150.0000000000,10420.1326885111,17.1942155891,0.0068210263,0.1482187134,0.1243810117,0.0063831283,0.0089625727,169.3119774970,1.0000000000,0.7000000000,15.9964659780
"142",2151.0000000000,10422.3896551692,17.3123032645,0.0067802226,0.1469332790,0.1225428687,0.0061045207,0.0088399691,168.4568227614,1.0000000000,0.7000000000,16.3163952975
"143",2152.0000000000,10424.5830733775,17.4304858393,0.0067396631,0.1456602614,0.1207318903,0.0058380737,0.0087191185,167.6059872099,1.0000000000,0.7000000000,16.6427232035
"144",2153.0000000000,10426.7147195338,17.5487585600,0.0066993462,0.1443995296,0.1189476752,0.0055832563,0.0085999950,166.7594490276,1.0000000000,0.7000000000,16.9755776675
"145",2154.0000000000,10428.7863211017,17.6671166911,0.0066592705,0.1431509541,0.1171898278,0.0053395612,0.0084825727,165.9171865092,1.0000000000,0.7000000000,17.3150892209
"146",2155.0000000000,10430.7995579180,17.7855555158,0.0066194345,0.1419144071,0.1154579584,0.0051065027,0.0083668263,165.0791780596,1.0000000000,0.7000000000,17.6613910053
"147",2156.0000000000,10432.7560634673,17.9040703363,0.0065798368,0.1406897621,0.1137516832,0.0048836166,0.0082527309,164.2454021923,1.0000000000,0.7000000000,18.0146188254
"148",2157.0000000000,10434.6574261250,18.0226564743,0.0065404760,0.1394768939,0.1120706238,0.0046704589,0.0081402619,163.4158375297,1.0000000000,0.7000000000,18.3749112019
"149",2158.0000000000,10436.5051903691,18.1413092715,0.0065013506,0.1382756789,0.1104144077,0.0044666051,0.0080293952,162.5904628019,1.0000000000,0.7000000000,18.7424094260
"150",2159.0000000000,10438.3008579606,18.2600240901,0.0064624593,0.1370859948,0.1087826677,0.0042716489,0.0079201070,161.7692568465,1.0000000000,0.7000000000,19.1172576145
"151",2160.0000000000,10440.0458890952,18.3787963130,0.0064238006,0.1359077209,0.1071750421,0.0040852021,0.0078123737,160.9521986081,1.0000000000,0.7000000000,19.4996027668
"152",2161.0000000000,10441.7417035244,18.4976213446,0.0063853732,0.1347407374,0.1055911744,0.0039068933,0.0077061725,160.1392671375,1.0000000000,0.7000000000,19.8895948221
"153",2162.0000000000,10443.3896816490,18.6164946107,0.0063471757,0.1335849264,0.1040307137,0.0037363671,0.0076014805,159.3304415914,1.0000000000,0.7000000000,20.2873867185
"154",2163.0000000000,10444.9911655839,18.7354115594,0.0063092067,0.1324401709,0.1024933140,0.0035732841,0.0074982753,158.5257012318,1.0000000000,0.7000000000,20.6931344529
"155",2164.0000000000,10446.5474601960,18.8543676612,0.0062714648,0.1313063554,0.1009786345,0.0034173191,0.0073965351,157.7250254253,1.0000000000,0.7000000000,21.1069971420
"156",2165.0000000000,10448.0598341152,18.9733584097,0.0062339486,0.1301833659,0.0994863394,0.0032681617,0.0072962380,156.9283936429,1.0000000000,0.7000000000,21.5291370848
"157",2166.0000000000,10449.5295207187,19.0923793215,0.0061966569,0.1290710892,0.0980160979,0.0031255146,0.0071973628,156.1357854591,1.0000000000,0.7000000000,21.9597198265
"158",2167.0000000000,10450.9577190908,19.2114259370,0.0061595883,0.1279694138,0.0965675842,0.0029890937,0.0070998884,155.3471805517,1.0000000000,0.7000000000,22.3989142230
"159",2168.0000000000,10452.3455949571,19.3304938204,0.0061227414,0.1268782292,0.0951404770,0.0028586272,0.0070037942,154.5625587010,1.0000000000,0.7000000000,22.8468925075
"160",2169.0000000000,10453.6942815939,19.4495785606,0.0060861150,0.1257974263,0.0937344601,0.0027338553,0.0069090597,153.7818997897,1.0000000000,0.7000000000,23.3038303576
"161",2170.0000000000,10455.0048807149,19.5686757709,0.0060497076,0.1247268972,0.0923492218,0.0026145294,0.0068156649,153.0051838018,1.0000000000,0.7000000000,23.7699069648
"162",2171.0000000000,10456.2784633340,19.6877810898,0.0060135180,0.1236665352,0.0909844550,0.0025004117,0.0067235901,152.2323908226,1.0000000000,0.7000000000,24.2453051041
"163",2172.0000000000,10457.5160706052,19.8068901810,0.0059775449,0.1226162346,0.0896398571,0.0023912750,0.0066328158,151.4635010379,1.0000000000,0.7000000000,24.7302112062
"164",2173.0000000000,10458.7187146410,19.9259987341,0.0059417871,0.1215758912,0.0883151302,0.0022869018,0.0065433228,150.6984947335,1.0000000000,0.7000000000,25.2248154303
"165",2174.0000000000,10459.8873793087,20.0451024645,0.0059062431,0.1205454018,0.0870099805,0.0021870843,0.0064550923,149.9373522950,1.0000000000,0.7000000000,25.7293117389
"166",2175.0000000000,10461.0230210058,20.1641971141,0.0058709117,0.1195246643,0.0857241187,0.0020916235,0.0063681057,149.1800542068,1.0000000000,0.7000000000,26.2438979737
"167",2176.0000000000,10462.1265694150,20.2832784513,0.0058357917,0.1185135779,0.0844572598,0.0020003294,0.0062823447,148.4265810520,1.0000000000,0.7000000000,26.7687759332
"168",2177.0000000000,10463.1989282387,20.4023422712,0.0058008818,0.1175120428,0.0832091229,0.0019130200,0.0061977914,147.6769135119,1.0000000000,0.7000000000,27.3041514518
"169",2178.0000000000,10464.2409759146,20.5213843964,0.0057661807,0.1165199603,0.0819794315,0.0018295214,0.0061144279,146.9310323652,1.0000000000,0.7000000000,27.8502344809
"170",2179.0000000000,10465.2535663114,20.6404006767,0.0057316872,0.1155372330,0.0807679128,0.0017496674,0.0060322368,146.1889184876,1.0000000000,0.7000000000,28.4072391705
"171",2180.0000000000,10466.2375294065,20.7593869897,0.0056974001,0.1145637642,0.0795742983,0.0016732988,0.0059512010,145.4505528516,1.0000000000,0.7000000000,28.9753839539
"172",2181.0000000000,10467.1936719456,20.8783392409,0.0056633180,0.1135994587,0.0783983234,0.0016002635,0.0058713035,144.7159165257,1.0000000000,0.7000000000,29.5548916330
"173",2182.0000000000,10468.1227780841,20.9972533638,0.0056294398,0.1126442221,0.0772397275,0.0015304160,0.0057925276,143.9849906741,1.0000000000,0.7000000000,30.1459894656
"174",2183.0000000000,10469.0256100117,21.1161253208,0.0055957643,0.1116979611,0.0760982537,0.0014636172,0.0057148569,143.2577565560,1.0000000000,0.7000000000,30.7489092549
"175",2184.0000000000,10469.9029085599,21.2349511025,0.0055622903,0.1107605835,0.0749736490,0.0013997339,0.0056382752,142.5341955254,1.0000000000,0.7000000000,31.3638874400
"176",2185.0000000000,10470.7553937935,21.3537267286,0.0055290164,0.1098319980,0.0738656640,0.0013386390,0.0055627667,141.8142890303,1.0000000000,0.7000000000,31.9911651888
"177",2186.0000000000,10471.5837655858,21.4724482479,0.0054959417,0.1089121145,0.0727740532,0.0012802108,0.0054883156,141.0980186126,1.0000000000,0.7000000000,32.6309884926
"178",2187.0000000000,10472.3887041782,21.5911117384,0.0054630647,0.1080008437,0.0716985746,0.0012243328,0.0054149064,140.3853659073,1.0000000000,0.7000000000,33.2836082625
"179",2188.0000000000,10473.1708707251,21.7097133077,0.0054303845,0.1070980974,0.0706389898,0.0011708937,0.0053425240,139.6763126421,1.0000000000,0.7000000000,33.9492804277
"180",2189.0000000000,10473.9309078236,21.8282490930,0.0053978997,0.1062037883,0.0695950638,0.0011197871,0.0052711535,138.9708406373,1.0000000000,0.7000000000,34.6282660363
"181",2190.0000000000,10474.6694400288,21.9467152615,0.0053656093,0.1053178301,0.0685665653,0.0010709112,0.0052007800,138.2689318046,1.0000000000,0.7000000000,35.3208313570
"182",2191.0000000000,10475.3870743553,22.0651080104,0.0053335120,0.1044401376,0.0675532663,0.0010241686,0.0051313890,137.5705681473,1.0000000000,0.7000000000,36.0272479841
"183",2192.0000000000,10476.0844007653,22.1834235670,0.0053016068,0.1035706263,0.0665549422,0.0009794662,0.0050629662,136.8757317596,1.0000000000,0.7000000000,36.7477929438
"184",2193.0000000000,10476.7619926427,22.3016581892,0.0052698924,0.1027092127,0.0655713716,0.0009367150,0.0049954975,136.1844048261,1.0000000000,0.7000000000,37.4827488027
"185",2194.0000000000,10477.4204072547,22.4198081653,0.0052383677,0.1018558143,0.0646023366,0.0008958297,0.0049289691,135.4965696213,1.0000000000,0.7000000000,38.2324037787
"186",2195.0000000000,10478.0601862010,22.5378698143,0.0052070316,0.1010103495,0.0636476222,0.0008567290,0.0048633673,134.8122085094,1.0000000000,0.7000000000,38.9970518543
"187",2196.0000000000,10478.6818558502,22.6558394861,0.0051758829,0.1001727376,0.0627070170,0.0008193349,0.0047986785,134.1313039436,1.0000000000,0.7000000000,39.7769928914
"188",2197.0000000000,10479.2859277646,22.7737135615,0.0051449206,0.0993428986,0.0617803123,0.0007835730,0.0047348897,133.4538384656,1.0000000000,0.7000000000,40.5725327492
"189",2198.0000000000,10479.8728991132,22.8914884524,0.0051141435,0.0985207536,0.0608673028,0.0007493720,0.0046719877,132.7797947054,1.0000000000,0.7000000000,41.3839834042
"190",2199.0000000000,10480.4432530736,23.0091606019,0.0050835505,0.0977062245,0.0599677860,0.0007166638,0.0046099596,132.1091553808,1.0000000000,0.7000000000,42.2116630723
"191",2200.0000000000,10480.9974592226,23.1267264845,0.0050531405,0.0968992340,0.0590815625,0.0006853832,0.0045487928,131.4419032967,1.0000000000,0.7000000000,43.0558963337
"192",2201.0000000000,10481.5359739161,23.2441826061,0.0050229125,0.0960997058,0.0582084360,0.0006554679,0.0044884748,130.7780213450,1.0000000000,0.7000000000,43.9170142604
"193",2202.0000000000,10482.0592406588,23.3615255040,0.0049928652,0.0953075643,0.0573482128,0.0006268584,0.0044289933,130.1174925040,1.0000000000,0.7000000000,44.7953545456
"194",2203.0000000000,10482.5676904633,23.4787517473,0.0049629977,0.0945227346,0.0565007023,0.0005994976,0.0043703363,129.4602998378,1.0000000000,0.7000000000,45.6912616365
"195",2204.0000000000,10483.0617421997,23.5958579368,0.0049333089,0.0937451430,0.0556657165,0.0005733310,0.0043124917,128.8064264963,1.0000000000,0.7000000000,46.6050868693
"196",2205.0000000000,10483.5418029352,23.7128407049,0.0049037977,0.0929747163,0.0548430705,0.0005483065,0.0042554480,128.1558557143,1.0000000000,0.7000000000,47.5371886067
"197",2206.0000000000,10484.0082682651,23.8296967162,0.0048744630,0.0922113821,0.0540325817,0.0005243743,0.0041991934,127.5085708114,1.0000000000,0.7000000000,48.4879323788
"198",2207.0000000000,10484.4615226331,23.9464226670,0.0048453038,0.0914550689,0.0532340707,0.0005014867,0.0041437167,126.8645551914,1.0000000000,0.7000000000,49.4576910264
"199",2208.0000000000,10484.9019396446,24.0630152855,0.0048163190,0.0907057060,0.0524473603,0.0004795981,0.0040890065,126.2237923418,1.0000000000,0.7000000000,50.4468448469
"200",2209.0000000000,10485.3298823699,24.1794713323,0.0047875076,0.0899632234,0.0516722761,0.0004586648,0.0040350519,125.5862658339,1.0000000000,0.7000000000,51.4557817438
"201",2210.0000000000,10485.7457036401,24.2957875999,0.0047588685,0.0892275518,0.0509086464,0.0004386452,0.0039818419,124.9519593214,1.0000000000,0.7000000000,52.4848973787
"202",2211.0000000000,10486.1497463334,24.4119609129,0.0047304008,0.0884986229,0.0501563019,0.0004194995,0.0039293659,124.3208565411,1.0000000000,0.7000000000,53.5345953263
"203",2212.0000000000,10486.5423436552,24.5279881282,0.0047021034,0.0877763688,0.0494150758,0.0004011894,0.0038776133,123.6929413116,1.0000000000,0.7000000000,54.6052872328
"204",2213.0000000000,10486.9238194092,24.6438661349,0.0046739752,0.0870607226,0.0486848037,0.0003836785,0.0038265736,123.0681975333,1.0000000000,0.7000000000,55.6973929775
"205",2214.0000000000,10487.2944882609,24.7595918543,0.0046460154,0.0863516181,0.0479653239,0.0003669318,0.0037762367,122.4466091880,1.0000000000,0.7000000000,56.8113408370
"206",2215.0000000000,10487.6546559950,24.8751622401,0.0046182227,0.0856489896,0.0472564767,0.0003509162,0.0037265924,121.8281603384,1.0000000000,0.7000000000,57.9475676538
"207",2216.0000000000,10488.0046197641,24.9905742782,0.0045905964,0.0849527723,0.0465581051,0.0003355996,0.0036776309,121.2128351276,1.0000000000,0.7000000000,59.1065190068
"208",2217.0000000000,10488.3446683318,25.1058249868,0.0045631352,0.0842629022,0.0458700543,0.0003209515,0.0036293422,120.6006177788,1.0000000000,0.7000000000,60.2886493870
"209",2218.0000000000,10488.6750823081,25.2209114165,0.0045358384,0.0835793157,0.0451921717,0.0003069428,0.0035817167,119.9914925950,1.0000000000,0.7000000000,61.4944223747
"210",2219.0000000000,10488.9961343787,25.3358306501,0.0045087049,0.0829019501,0.0445243071,0.0002935455,0.0035347450,119.3854439583,1.0000000000,0.7000000000,62.7243108222
"211",2220.0000000000,10489.3080895277,25.4505798028,0.0044817336,0.0822307434,0.0438663124,0.0002807330,0.0034884177,118.7824563299,1.0000000000,0.7000000000,63.9787970386
"212",2221.0000000000,10489.6112052544,25.5651560220,0.0044549237,0.0815656341,0.0432180418,0.0002684797,0.0034427256,118.1825142494,1.0000000000,0.7000000000,65.2583729794
"213",2222.0000000000,10489.9057317840,25.6795564875,0.0044282742,0.0809065614,0.0425793515,0.0002567612,0.0033976596,117.5856023343,1.0000000000,0.7000000000,66.5635404390
"214",2223.0000000000,10490.1919122717,25.7937784113,0.0044017841,0.0802534654,0.0419501000,0.0002455542,0.0033532106,116.9917052801,1.0000000000,0.7000000000,67.8948112478
"215",2224.0000000000,10490.4699830022,25.9078190377,0.0043754525,0.0796062865,0.0413301478,0.0002348364,0.0033093700,116.4008078594,1.0000000000,0.7000000000,69.2527074727
"216",2225.0000000000,10490.7401735831,26.0216756431,0.0043492784,0.0789649659,0.0407193575,0.0002245864,0.0032661290,115.8128949217,1.0000000000,0.7000000000,70.6377616222
"217",2226.0000000000,10491.0027071325,26.1353455362,0.0043232608,0.0783294456,0.0401175936,0.0002147837,0.0032234791,115.2279513931,1.0000000000,0.7000000000,72.0505168546
"218",2227.0000000000,10491.2578004623,26.2488260578,0.0042973989,0.0776996678,0.0395247227,0.0002054090,0.0031814119,114.6459622760,1.0000000000,0.7000000000,73.4915271917
"219",2228.0000000000,10491.5056642553,26.3621145808,0.0042716917,0.0770755757,0.0389406135,0.0001964434,0.0031399189,114.0669126481,1.0000000000,0.7000000000,74.9613577356
"220",2229.0000000000,10491.7465032382,26.4752085102,0.0042461383,0.0764571130,0.0383651365,0.0001878691,0.0030989921,113.4907876629,1.0000000000,0.7000000000,76.4605848903
"221",2230.0000000000,10491.9805163496,26.5881052830,0.0042207378,0.0758442239,0.0377981640,0.0001796691,0.0030586234,112.9175725486,1.0000000000,0.7000000000,77.9897965881
"222",2231.0000000000,10492.2078969028,26.7008023681,0.0041954892,0.0752368533,0.0372395705,0.0001718270,0.0030188049,112.3472526083,1.0000000000,0.7000000000,79.5495925198
"223",2232.0000000000,10492.4288327443,26.8132972663,0.0041703916,0.0746349468,0.0366892320,0.0001643272,0.0029795287,111.7798132191,1.0000000000,0.7000000000,81.1405843702
"224",2233.0000000000,10492.6435064084,26.9255875102,0.0041454442,0.0740384502,0.0361470266,0.0001571547,0.0029407871,111.2152398319,1.0000000000,0.7000000000,82.7633960576
"225",2234.0000000000,10492.8520952666,27.0376706644,0.0041206460,0.0734473104,0.0356128341,0.0001502953,0.0029025726,110.6535179713,1.0000000000,0.7000000000,84.4186639788
"226",2235.0000000000,10493.0547716735,27.1495443248,0.0040959961,0.0728614744,0.0350865360,0.0001437353,0.0028648776,110.0946332349,1.0000000000,0.7000000000,86.1070372584
"227",2236.0000000000,10493.2517031080,27.2612061192,0.0040714937,0.0722808901,0.0345680158,0.0001374616,0.0028276948,109.5385712931,1.0000000000,0.7000000000,87.8291780035
"228",2237.0000000000,10493.4430523111,27.3726537069,0.0040471379,0.0717055057,0.0340571584,0.0001314617,0.0027910169,108.9853178886,1.0000000000,0.7000000000,89.5857615636
"229",2238.0000000000,10493.6289774195,27.4838847787,0.0040229278,0.0711352701,0.0335538507,0.0001257238,0.0027548368,108.4348588361,1.0000000000,0.7000000000,91.3774767949
"230",2239.0000000000,10493.8096320957,27.5948970565,0.0039988625,0.0705701327,0.0330579809,0.0001202362,0.0027191474,107.8871800220,1.0000000000,0.7000000000,93.2050263308
"231",2240.0000000000,10493.9851656540,27.7056882939,0.0039749411,0.0700100435,0.0325694393,0.0001149882,0.0026839417,107.3422674041,1.0000000000,0.7000000000,95.0691268574
"232",2241.0000000000,10494.1557231834,27.8162562752,0.0039511629,0.0694549530,0.0320881176,0.0001099693,0.0026492130,106.8001070108,1.0000000000,0.7000000000,96.9705093945
"233",2242.0000000000,10494.3214456670,27.9265988163,0.0039275269,0.0689048122,0.0316139090,0.0001051694,0.0026149545,106.2606849414,1.0000000000,0.7000000000,98.9099195824
"234",2243.0000000000,10494.4824700978,28.0367137638,0.0039040323,0.0683595725,0.0311467083,0.0001005790,0.0025811595,105.7239873652,1.0000000000,0.7000000000,100.8881179741
"235",2244.0000000000,10494.6389295914,28.1465989952,0.0038806782,0.0678191861,0.0306864121,0.0000961890,0.0025478215,105.1900005215,1.0000000000,0.7000000000,102.9058803336
"236",2245.0000000000,10494.7909534956,28.2562524188,0.0038574639,0.0672836054,0.0302329184,0.0000919906,0.0025149341,104.6587107190,1.0000000000,0.7000000000,104.9639979402
"237",2246.0000000000,10494.9386674966,28.3656719737,0.0038343884,0.0667527836,0.0297861265,0.0000879754,0.0024824908,104.1301043355,1.0000000000,0.7000000000,107.0632778990
"238",2247.0000000000,10495.0821937229,28.4748556295,0.0038114509,0.0662266741,0.0293459374,0.0000841355,0.0024504855,103.6041678178,1.0000000000,0.7000000000,109.2045434570
"239",2248.0000000000,10495.2216508454,28.5838013860,0.0037886507,0.0657052311,0.0289122536,0.0000804632,0.0024189120,103.0808876811,1.0000000000,0.7000000000,111.3886343262
"240",2249.0000000000,10495.3571541750,28.6925072738,0.0037659869,0.0651884090,0.0284849789,0.0000769512,0.0023877641,102.5602505084,1.0000000000,0.7000000000,113.6164070127
"241",2250.0000000000,10495.4888157582,28.8009713534,0.0037434586,0.0646761628,0.0280640186,0.0000735925,0.0023570360,102.0422429510,1.0000000000,0.7000000000,115.8887351529
"242",2251.0000000000,10495.6167444687,28.9091917153,0.0037210651,0.0641684481,0.0276492795,0.0000703803,0.0023267216,101.5268517271,1.0000000000,0.7000000000,118.2065098560
"243",2252.0000000000,10495.7410460974,29.0171664804,0.0036988055,0.0636652207,0.0272406694,0.0000673084,0.0022968152,101.0140636224,1.0000000000,0.7000000000,120.5706400531
"244",2253.0000000000,10495.8618234395,29.1248937988,0.0036766792,0.0631664371,0.0268380979,0.0000643706,0.0022673111,100.5038654890,1.0000000000,0.7000000000,122.9820528542
"245",2254.0000000000,10495.9791763792,29.2323718509,0.0036546851,0.0626720541,0.0264414758,0.0000615609,0.0022382036,99.9962442457,1.0000000000,0.7000000000,125.4416939113
"246",2255.0000000000,10496.0932019719,29.3395988464,0.0036328227,0.0621820291,0.0260507151,0.0000588740,0.0022094871,99.4911868772,1.0000000000,0.7000000000,127.9505277895
"247",2256.0000000000,10496.2039945243,29.4465730243,0.0036110910,0.0616963198,0.0256657291,0.0000563043,0.0021811562,98.9886804339,1.0000000000,0.7000000000,130.5095383453
"248",2257.0000000000,10496.3116456723,29.5532926531,0.0035894893,0.0612148845,0.0252864327,0.0000538467,0.0021532054,98.4887120318,1.0000000000,0.7000000000,133.1197291122
"249",2258.0000000000,10496.4162444561,29.6597560305,0.0035680169,0.0607376818,0.0249127415,0.0000514965,0.0021256295,97.9912688518,1.0000000000,0.7000000000,135.7821236944
"250",2259.0000000000,10496.5178773940,29.7659614829,0.0035466729,0.0602646708,0.0245445729,0.0000492488,0.0020984231,97.4963381396,1.0000000000,0.7000000000,138.4977661683
"251",2260.0000000000,10496.6166285535,29.8719073659,0.0035254565,0.0597958109,0.0241818453,0.0000470992,0.0020715812,97.0039072053,1.0000000000,0.7000000000,141.2677214917
"252",2261.0000000000,10496.7125796208,29.9775920636,0.0035043671,0.0593310622,0.0238244781,0.0000450434,0.0020450986,96.5139634231,1.0000000000,0.7000000000,144.0930759215
"253",2262.0000000000,10496.8058099681,30.0830139887,0.0034834039,0.0588703850,0.0234723922,0.0000430774,0.0020189702,96.0264942310,1.0000000000,0.7000000000,146.9749374400
"254",2263.0000000000,10496.8963967190,30.1881715825,0.0034625660,0.0584137400,0.0231255096,0.0000411972,0.0019931913,95.5414871305,1.0000000000,0.7000000000,149.9144361888
"255",2264.0000000000,10496.9844148122,30.2930633144,0.0034418528,0.0579610885,0.0227837533,0.0000393990,0.0019677568,95.0589296861,1.0000000000,0.7000000000,152.9127249125
"256",2265.0000000000,10497.0699370635,30.3976876818,0.0034212635,0.0575123920,0.0224470475,0.0000376793,0.0019426620,94.5788095251,1.0000000000,0.7000000000,155.9709794108
"257",2266.0000000000,10497.1530342253,30.5020432102,0.0034007974,0.0570676125,0.0221153178,0.0000360347,0.0019179021,94.1011143375,1.0000000000,0.7000000000,159.0903989990
"258",2267.0000000000,10497.2337750459,30.6061284530,0.0033804537,0.0566267125,0.0217884904,0.0000344619,0.0018934725,93.6258318753,1.0000000000,0.7000000000,162.2722069790
"259",2268.0000000000,10497.3122263252,30.7099419909,0.0033602317,0.0561896545,0.0214664930,0.0000329577,0.0018693686,93.1529499522,1.0000000000,0.7000000000,165.5176511186
"260",2269.0000000000,10497.3884529707,30.8134824324,0.0033401307,0.0557564019,0.0211492542,0.0000315192,0.0018455858,92.6824564439,1.0000000000,0.7000000000,168.8280041409
"261",2270.0000000000,10497.4625180506,30.9167484131,0.0033201499,0.0553269182,0.0208367037,0.0000301435,0.0018221197,92.2143392870,1.0000000000,0.7000000000,172.2045642237
"262",2271.0000000000,10497.5344828459,31.0197385959,0.0033002887,0.0549011672,0.0205287721,0.0000288278,0.0017989659,91.7485864791,1.0000000000,0.7000000000,175.6486555082
"263",2272.0000000000,10497.6044069013,31.1224516705,0.0032805462,0.0544791133,0.0202253912,0.0000275695,0.0017761200,91.2851860784,1.0000000000,0.7000000000,179.1616286184
"264",2273.0000000000,10497.6723480739,31.2248863535,0.0032609219,0.0540607212,0.0199264938,0.0000263662,0.0017535778,90.8241262034,1.0000000000,0.7000000000,182.7448611907
"265",2274.0000000000,10497.7383625814,31.3270413881,0.0032414149,0.0536459558,0.0196320136,0.0000252154,0.0017313350,90.3653950328,1.0000000000,0.7000000000,186.3997584146
"266",2275.0000000000,10497.8025050483,31.4289155441,0.0032220247,0.0532347826,0.0193418853,0.0000241148,0.0017093875,89.9089808048,1.0000000000,0.7000000000,190.1277535829
"267",2276.0000000000,10497.8648285509,31.5305076173,0.0032027504,0.0528271674,0.0190560446,0.0000230622,0.0016877312,89.4548718171,1.0000000000,0.7000000000,193.9303086545
"268",2277.0000000000,10497.9253846614,31.6318164300,0.0031835914,0.0524230761,0.0187744282,0.0000220556,0.0016663621,89.0030564264,1.0000000000,0.7000000000,197.8089148276
"269",2278.0000000000,10497.9842234904,31.7328408301,0.0031645471,0.0520224754,0.0184969736,0.0000210929,0.0016452762,88.5535230484,1.0000000000,0.7000000000,201.7650931242
"270",2279.0000000000,10498.0413937282,31.8335796915,0.0031456166,0.0516253319,0.0182236193,0.0000201723,0.0016244696,88.1062601570,1.0000000000,0.7000000000,205.8003949866
"271",2280.0000000000,10498.0969426852,31.9340319136,0.0031267994,0.0512316129,0.0179543048,0.0000192918,0.0016039384,87.6612562847,1.0000000000,0.7000000000,209.9164028864
"272",2281.0000000000,10498.1509163307,32.0341964212,0.0031080948,0.0508412857,0.0176889702,0.0000184498,0.0015836788,87.2185000217,1.0000000000,0.7000000000,214.1147309441
"273",2282.0000000000,10498.2033593313,32.1340721644,0.0030895021,0.0504543183,0.0174275569,0.0000176445,0.0015636871,86.7779800158,1.0000000000,0.7000000000,218.3970255630
"274",2283.0000000000,10498.2543150873,32.2336581183,0.0030710206,0.0500706788,0.0171700068,0.0000168744,0.0015439595,86.3396849721,1.0000000000,0.7000000000,222.7649660742
"275",2284.0000000000,10498.3038257690,32.3329532830,0.0030526496,0.0496903356,0.0169162628,0.0000161378,0.0015244925,85.9036036531,1.0000000000,0.7000000000,227.2202653957
"276",2285.0000000000,10498.3519323512,32.4319566831,0.0030343886,0.0493132576,0.0166662688,0.0000154335,0.0015052823,85.4697248776,1.0000000000,0.7000000000,231.7646707036
"277",2286.0000000000,10498.3986746475,32.5306673679,0.0030162367,0.0489394138,0.0164199692,0.0000147598,0.0014863256,85.0380375211,1.0000000000,0.7000000000,236.3999641177
"278",2287.0000000000,10498.4440913426,32.6290844109,0.0029981935,0.0485687738,0.0161773096,0.0000141156,0.0014676188,84.6085305154,1.0000000000,0.7000000000,241.1279634001
"279",2288.0000000000,10498.4882200248,32.7272069099,0.0029802582,0.0482013072,0.0159382361,0.0000134995,0.0014491584,84.1811928478,1.0000000000,0.7000000000,245.9505226681
"280",2289.0000000000,10498.5310972169,32.8250339865,0.0029624302,0.0478369841,0.0157026956,0.0000129103,0.0014309411,83.7560135618,1.0000000000,0.7000000000,250.8695331214
"281",2290.0000000000,10498.5727584062,32.9225647862,0.0029447088,0.0474757750,0.0154706361,0.0000123468,0.0014129635,83.3329817557,1.0000000000,0.7000000000,255.8869237839
"282",2291.0000000000,10498.6132380741,33.0197984781,0.0029270935,0.0471176504,0.0152420060,0.0000118079,0.0013952224,82.9120865831,1.0000000000,0.7000000000,261.0046622595
"283",2292.0000000000,10498.6525697245,33.1167342546,0.0029095835,0.0467625813,0.0150167547,0.0000112925,0.0013777144,82.4933172525,1.0000000000,0.7000000000,266.2247555047
"284",2293.0000000000,10498.6907859115,33.2133713314,0.0028921783,0.0464105390,0.0147948322,0.0000107996,0.0013604365,82.0766630266,1.0000000000,0.7000000000,271.5492506148
"285",2294.0000000000,10498.7279182661,33.3097089473,0.0028748771,0.0460614950,0.0145761893,0.0000103282,0.0013433854,81.6621132227,1.0000000000,0.7000000000,276.9802356271
"286",2295.0000000000,10498.7639975228,33.4057463640,0.0028576795,0.0457154213,0.0143607777,0.0000098774,0.0013265580,81.2496572118,1.0000000000,0.7000000000,282.5198403397
"287",2296.0000000000,10498.7990535448,33.5014828655,0.0028405848,0.0453722899,0.0141485494,0.0000094463,0.0013099512,80.8392844185,1.0000000000,0.7000000000,288.1702371465
"288",2297.0000000000,10498.8331153483,33.5969177588,0.0028235923,0.0450320732,0.0139394576,0.0000090340,0.0012935621,80.4309843212,1.0000000000,0.7000000000,293.9336418894
"289",2298.0000000000,10498.8662111273,33.6920503729,0.0028067015,0.0446947440,0.0137334557,0.0000086397,0.0012773877,80.0247464510,1.0000000000,0.7000000000,299.8123147272
"290",2299.0000000000,10498.8983682761,33.7868800588,0.0027899117,0.0443602753,0.0135304983,0.0000082626,0.0012614250,79.6205603922,1.0000000000,0.7000000000,305.8085610217
"291",2300.0000000000,10498.9296134125,33.8814061898,0.0027732223,0.0440286402,0.0133305402,0.0000079019,0.0012456711,79.2184157815,1.0000000000,0.7000000000,311.9247322421
"292",2301.0000000000,10498.9599723996,33.9756281605,0.0027566328,0.0436998123,0.0131335371,0.0000075570,0.0012301232,78.8183023081,1.0000000000,0.7000000000,318.1632268870
"293",2302.0000000000,10498.9894703671,34.0695453872,0.0027401425,0.0433737655,0.0129394454,0.0000072272,0.0012147785,78.4202097131,1.0000000000,0.7000000000,324.5264914247
"294",2303.0000000000,10499.0181317325,34.1631573078,0.0027237509,0.0430504737,0.0127482221,0.0000069117,0.0011996342,78.0241277897,1.0000000000,0.7000000000,331.0170212532
"295",2304.0000000000,10499.0459802206,34.2564633810,0.0027074573,0.0427299112,0.0125598247,0.0000066101,0.0011846875,77.6300463824,1.0000000000,0.7000000000,337.6373616783
"296",2305.0000000000,10499.0730388838,34.3494630866,0.0026912612,0.0424120528,0.0123742116,0.0000063215,0.0011699358,77.2379553869,1.0000000000,0.7000000000,344.3901089119
"297",2306.0000000000,10499.0993301207,34.4421559253,0.0026751620,0.0420968731,0.0121913414,0.0000060456,0.0011553764,76.8478447504,1.0000000000,0.7000000000,351.2779110901
"298",2307.0000000000,10499.1248756948,34.5345414183,0.0026591591,0.0417843473,0.0120111738,0.0000057817,0.0011410067,76.4597044703,1.0000000000,0.7000000000,358.3034693119
"299",2308.0000000000,10499.1496967528,34.6266191071,0.0026432519,0.0414744508,0.0118336688,0.0000055294,0.0011268242,76.0735245950,1.0000000000,0.7000000000,365.4695386981
"300",2309.0000000000,10499.1738138415,34.7183885537,0.0026274399,0.0411671591,0.0116587870,0.0000052880,0.0011128262,75.6892952228,1.0000000000,0.7000000000,372.7789294721
"301",2310.0000000000,10499.1972469250,34.8098493398,0.0026117224,0.0408624480,0.0114864896,0.0000050572,0.0010990102,75.3070065023,1.0000000000,0.7000000000,380.2345080615
"302",2311.0000000000,10499.2200154017,34.9010010673,0.0025960990,0.0405602937,0.0113167386,0.0000048365,0.0010853739,74.9266486316,1.0000000000,0.7000000000,387.8391982228
"303",2312.0000000000,10499.2421381196,34.9918433574,0.0025805691,0.0402606725,0.0111494961,0.0000046254,0.0010719147,74.5482118586,1.0000000000,0.7000000000,395.5959821872
"304",2313.0000000000,10499.2636333925,35.0823758510,0.0025651320,0.0399635609,0.0109847252,0.0000044235,0.0010586303,74.1716864801,1.0000000000,0.7000000000,403.5079018310
"305",2314.0000000000,10499.2845190147,35.1725982083,0.0025497873,0.0396689357,0.0108223894,0.0000042304,0.0010455182,73.7970628422,1.0000000000,0.7000000000,411.5780598676
"306",2315.0000000000,10499.3048122760,35.2625101084,0.0025345344,0.0393767739,0.0106624526,0.0000040458,0.0010325762,73.4243313397,1.0000000000,0.7000000000,419.8096210649
"307",2316.0000000000,10499.3245299759,35.3521112494,0.0025193727,0.0390870529,0.0105048794,0.0000038692,0.0010198019,73.0534824158,1.0000000000,0.7000000000,428.2058134862
"308",2317.0000000000,10499.3436884377,35.4414013482,0.0025043017,0.0387997501,0.0103496349,0.0000037003,0.0010071931,72.6845065621,1.0000000000,0.7000000000,436.7699297560
"309",2318.0000000000,10499.3623035215,35.5303801402,0.0024893209,0.0385148432,0.0101966846,0.0000035388,0.0009947475,72.3173943181,1.0000000000,0.7000000000,445.5053283511
"310",2319.0000000000,10499.3803906379,35.6190473791,0.0024744297,0.0382323101,0.0100459947,0.0000033843,0.0009824630,71.9521362712,1.0000000000,0.7000000000,454.4154349181
"311",2320.0000000000,10499.3979647604,35.7074028367,0.0024596276,0.0379521290,0.0098975317,0.0000032366,0.0009703373,71.5887230562,1.0000000000,0.7000000000,463.5037436165
"312",2321.0000000000,10499.4150404379,35.7954463030,0.0024449140,0.0376742784,0.0097512628,0.0000030954,0.0009583683,71.2271453554,1.0000000000,0.7000000000,472.7738184888
"313",2322.0000000000,10499.4316318067,35.8831775855,0.0024302884,0.0373987367,0.0096071555,0.0000029603,0.0009465539,70.8673938980,1.0000000000,0.7000000000,482.2292948586
"314",2323.0000000000,10499.4477526024,35.9705965095,0.0024157503,0.0371254827,0.0094651778,0.0000028310,0.0009348920,70.5094594601,1.0000000000,0.7000000000,491.8738807557
"315",2324.0000000000,10499.4634161709,36.0577029177,0.0024012992,0.0368544956,0.0093252983,0.0000027075,0.0009233806,70.1533328644,1.0000000000,0.7000000000,501.7113583709
"316",2325.0000000000,10499.4786354796,36.1444966700,0.0023869346,0.0365857545,0.0091874860,0.0000025893,0.0009120176,69.7990049798,1.0000000000,0.7000000000,511.7455855383
"317",2326.0000000000,10499.4934231283,36.2309776434,0.0023726559,0.0363192388,0.0090517104,0.0000024763,0.0009008010,69.4464667215,1.0000000000,0.7000000000,521.9804972490
"318",2327.0000000000,10499.5077913595,36.3171457317,0.0023584625,0.0360549283,0.0089179413,0.0000023682,0.0008897289,69.0957090506,1.0000000000,0.7000000000,532.4201071940
"319",2328.0000000000,10499.5217520684,36.4030008455,0.0023443541,0.0357928027,0.0087861490,0.0000022648,0.0008787992,68.7467229736,1.0000000000,0.7000000000,543.0685093379
"320",2329.0000000000,10499.5353168129,36.4885429118,0.0023303301,0.0355328420,0.0086563044,0.0000021660,0.0008680102,68.3994995428,1.0000000000,0.7000000000,553.9298795247
"321",2330.0000000000,10499.5484968232,36.5737718740,0.0023163900,0.0352750265,0.0085283788,0.0000020714,0.0008573599,68.0540298553,1.0000000000,0.7000000000,565.0084771151
"322",2331.0000000000,10499.5613030110,36.6586876917,0.0023025333,0.0350193367,0.0084023436,0.0000019810,0.0008468464,67.7103050535,1.0000000000,0.7000000000,576.3086466575
"323",2332.0000000000,10499.5737459785,36.7432903402,0.0022887594,0.0347657532,0.0082781710,0.0000018946,0.0008364679,67.3683163243,1.0000000000,0.7000000000,587.8348195906
"324",2333.0000000000,10499.5858360273,36.8275798111,0.0022750680,0.0345142568,0.0081558335,0.0000018119,0.0008262227,67.0280548993,1.0000000000,0.7000000000,599.5915159824
"325",2334.0000000000,10499.5975831667,36.9115561110,0.0022614585,0.0342648284,0.0080353040,0.0000017328,0.0008161088,66.6895120542,1.0000000000,0.7000000000,611.5833463021
"326",2335.0000000000,10499.6089971224,36.9952192625,0.0022479303,0.0340174494,0.0079165556,0.0000016572,0.0008061246,66.3526791089,1.0000000000,0.7000000000,623.8150132281
"327",2336.0000000000,10499.6200873440,37.0785693031,0.0022344831,0.0337721011,0.0077995622,0.0000015848,0.0007962683,66.0175474272,1.0000000000,0.7000000000,636.2913134927
"328",2337.0000000000,10499.6308630134,37.1616062854,0.0022211164,0.0335287650,0.0076842978,0.0000015157,0.0007865382,65.6841084162,1.0000000000,0.7000000000,649.0171397625
"329",2338.0000000000,10499.6413330518,37.2443302772,0.0022078296,0.0332874229,0.0075707367,0.0000014495,0.0007769327,65.3523535268,1.0000000000,0.7000000000,661.9974825578
"330",2339.0000000000,10499.6515061275,37.3267413607,0.0021946223,0.0330480568,0.0074588539,0.0000013862,0.0007674499,65.0222742529,1.0000000000,0.7000000000,675.2374322089
"331",2340.0000000000,10499.6613906632,37.4088396328,0.0021814939,0.0328106487,0.0073486245,0.0000013257,0.0007580884,64.6938621312,1.0000000000,0.7000000000,688.7421808531
"332",2341.0000000000,10499.6709948424,37.4906252049,0.0021684442,0.0325751809,0.0072400242,0.0000012679,0.0007488465,64.3671087415,1.0000000000,0.7000000000,702.5170244702
"333",2342.0000000000,10499.6803266166,37.5720982023,0.0021554725,0.0323416359,0.0071330287,0.0000012125,0.0007397226,64.0420057058,1.0000000000,0.7000000000,716.5673649596
"334",2343.0000000000,10499.6893937120,37.6532587648,0.0021425783,0.0321099964,0.0070276145,0.0000011596,0.0007307151,63.7185446886,1.0000000000,0.7000000000,730.8987122588
"335",2344.0000000000,10499.6982036353,37.7341070456,0.0021297614,0.0318802450,0.0069237581,0.0000011090,0.0007218225,63.3967173965,1.0000000000,0.7000000000,745.5166865039
"336",2345.0000000000,10499.7067636807,37.8146432118,0.0021170211,0.0316523649,0.0068214366,0.0000010606,0.0007130432,63.0765155779,1.0000000000,0.7000000000,760.4270202340
"337",2346.0000000000,10499.7150809353,37.8948674443,0.0021043570,0.0314263390,0.0067206272,0.0000010143,0.0007043757,62.7579310229,1.0000000000,0.7000000000,775.6355606387
"338",2347.0000000000,10499.7231622853,37.9747799369,0.0020917686,0.0312021509,0.0066213076,0.0000009700,0.0006958186,62.4409555632,1.0000000000,0.7000000000,791.1482718515
"339",2348.0000000000,10499.7310144214,38.0543808969,0.0020792556,0.0309797838,0.0065234557,0.0000009277,0.0006873704,62.1255810714,1.0000000000,0.7000000000,806.9712372885
"340",2349.0000000000,10499.7386438449,38.1336705445,0.0020668174,0.0307592214,0.0064270500,0.0000008872,0.0006790296,61.8117994616,1.0000000000,0.7000000000,823.1106620343
"341",2350.0000000000,10499.7460568723,38.2126491129,0.0020544536,0.0305404476,0.0063320690,0.0000008485,0.0006707948,61.4996026885,1.0000000000,0.7000000000,839.5728752750
"342",2351.0000000000,10499.7532596414,38.2913168479,0.0020421638,0.0303234462,0.0062384916,0.0000008114,0.0006626646,61.1889827474,1.0000000000,0.7000000000,856.3643327805
"343",2352.0000000000,10499.7602581155,38.3696740078,0.0020299475,0.0301082014,0.0061462971,0.0000007760,0.0006546376,60.8799316741,1.0000000000,0.7000000000,873.4916194361
"344",2353.0000000000,10499.7670580891,38.4477208633,0.0020178043,0.0298946974,0.0060554651,0.0000007421,0.0006467124,60.5724415446,1.0000000000,0.7000000000,890.9614518248
"345",2354.0000000000,10499.7736651922,38.5254576976,0.0020057337,0.0296829187,0.0059659755,0.0000007097,0.0006388878,60.2665044751,1.0000000000,0.7000000000,908.7806808613
"346",2355.0000000000,10499.7800848951,38.6028848054,0.0019937354,0.0294728498,0.0058778084,0.0000006788,0.0006311623,59.9621126213,1.0000000000,0.7000000000,926.9562944785
"347",2356.0000000000,10499.7863225130,38.6800024937,0.0019818088,0.0292644754,0.0057909442,0.0000006491,0.0006235346,59.6592581787,1.0000000000,0.7000000000,945.4954203681
"348",2357.0000000000,10499.7923832105,38.7568110812,0.0019699535,0.0290577803,0.0057053638,0.0000006208,0.0006160035,59.3579333822,1.0000000000,0.7000000000,964.4053287754
"349",2358.0000000000,10499.7982720053,38.8333108981,0.0019581692,0.0288527497,0.0056210480,0.0000005937,0.0006085677,59.0581305060,1.0000000000,0.7000000000,983.6934353509
"350",2359.0000000000,10499.8039937734,38.9095022859,0.0019464553,0.0286493686,0.0055379784,0.0000005678,0.0006012258,58.7598418632,1.0000000000,0.7000000000,1003.3673040580
"351",2360.0000000000,10499.8095532519,38.9853855976,0.0019348116,0.0284476224,0.0054561363,0.0000005430,0.0005939768,58.4630598057,1.0000000000,0.7000000000,1023.4346501391
"352",2361.0000000000,10499.8149550440,39.0609611971,0.0019232375,0.0282474965,0.0053755038,0.0000005193,0.0005868193,58.1677767242,1.0000000000,0.7000000000,1043.9033431419
"353",2362.0000000000,10499.8202036221,39.1362294594,0.0019117326,0.0280489765,0.0052960628,0.0000004966,0.0005797522,57.8739850477,1.0000000000,0.7000000000,1064.7814100047
"354",2363.0000000000,10499.8253033317,39.2111907702,0.0019002965,0.0278520480,0.0052177959,0.0000004750,0.0005727742,57.5816772434,1.0000000000,0.7000000000,1086.0770382048
"355",2364.0000000000,10499.8302583954,39.2858455260,0.0018889289,0.0276566971,0.0051406856,0.0000004542,0.0005658841,57.2908458166,1.0000000000,0.7000000000,1107.7985789689
"356",2365.0000000000,10499.8350729157,39.3601941335,0.0018776292,0.0274629096,0.0050647149,0.0000004344,0.0005590809,57.0014833106,1.0000000000,0.7000000000,1129.9545505483
"357",2366.0000000000,10499.8397508789,39.4342370101,0.0018663972,0.0272706717,0.0049898669,0.0000004155,0.0005523634,56.7135823061,1.0000000000,0.7000000000,1152.5536415593
"358",2367.0000000000,10499.8442961581,39.5079745831,0.0018552323,0.0270799697,0.0049161250,0.0000003973,0.0005457304,56.4271354215,1.0000000000,0.7000000000,1175.6047143905
"359",2368.0000000000,10499.8487125167,39.5814072901,0.0018441343,0.0268907899,0.0048434729,0.0000003800,0.0005391808,56.1421353123,1.0000000000,0.7000000000,1199.1168086783
"360",2369.0000000000,10499.8530036112,39.6545355783,0.0018331026,0.0267031190,0.0047718945,0.0000003634,0.0005327136,55.8585746712,1.0000000000,0.7000000000,1223.0991448518
"361",2370.0000000000,10499.8571729947,39.7273599050,0.0018221369,0.0265169435,0.0047013739,0.0000003475,0.0005263277,55.5764462278,1.0000000000,0.7000000000,1247.5611277489
"362",2371.0000000000,10499.8612241192,39.7998807368,0.0018112368,0.0263322503,0.0046318954,0.0000003324,0.0005200219,55.2957427485,1.0000000000,0.7000000000,1272.5123503039
"363",2372.0000000000,10499.8651603389,39.8720985499,0.0018004019,0.0261490262,0.0045634438,0.0000003179,0.0005137953,55.0164570359,1.0000000000,0.7000000000,1297.9625973099
"364",2373.0000000000,10499.8689849129,39.9440138299,0.0017896319,0.0259672584,0.0044960037,0.0000003040,0.0005076468,54.7385819295,1.0000000000,0.7000000000,1323.9218492561
"365",2374.0000000000,10499.8727010079,40.0156270715,0.0017789262,0.0257869340,0.0044295603,0.0000002907,0.0005015753,54.4621103044,1.0000000000,0.7000000000,1350.4002862413
"366",2375.0000000000,10499.8763117007,40.0869387783,0.0017682846,0.0256080402,0.0043640988,0.0000002780,0.0004955799,54.1870350721,1.0000000000,0.7000000000,1377.4082919661
"367",2376.0000000000,10499.8798199808,40.1579494630,0.0017577067,0.0254305645,0.0042996048,0.0000002659,0.0004896596,53.9133491797,1.0000000000,0.7000000000,1404.9564578054
"368",2377.0000000000,10499.8832287530,40.2286596470,0.0017471920,0.0252544945,0.0042360638,0.0000002543,0.0004838134,53.6410456100,1.0000000000,0.7000000000,1433.0555869615
"369",2378.0000000000,10499.8865408398,40.2990698604,0.0017367403,0.0250798177,0.0041734619,0.0000002432,0.0004780403,53.3701173812,1.0000000000,0.7000000000,1461.7166987007
"370",2379.0000000000,10499.8897589833,40.3691806415,0.0017263510,0.0249065220,0.0041117851,0.0000002326,0.0004723394,53.1005575468,1.0000000000,0.7000000000,1490.9510326748
"371",2380.0000000000,10499.8928858483,40.4389925372,0.0017160239,0.0247345952,0.0040510198,0.0000002224,0.0004667096,52.8323591953,1.0000000000,0.7000000000,1520.7700533282
"372",2381.0000000000,10499.8959240236,40.5085061026,0.0017057586,0.0245640253,0.0039911525,0.0000002127,0.0004611502,52.5655154503,1.0000000000,0.7000000000,1551.1854543948
"373",2382.0000000000,10499.8988760248,40.5777219009,0.0016955547,0.0243948005,0.0039321700,0.0000002034,0.0004556602,52.3000194698,1.0000000000,0.7000000000,1582.2091634827
"374",2383.0000000000,10499.9017442961,40.6466405029,0.0016854118,0.0242269090,0.0038740591,0.0000001945,0.0004502386,52.0358644467,1.0000000000,0.7000000000,1613.8533467524
"375",2384.0000000000,10499.9045312124,40.7152624878,0.0016753296,0.0240603392,0.0038168070,0.0000001861,0.0004448846,51.7730436081,1.0000000000,0.7000000000,1646.1304136874
"376",2385.0000000000,10499.9072390812,40.7835884419,0.0016653077,0.0238950794,0.0037604010,0.0000001779,0.0004395974,51.5115502154,1.0000000000,0.7000000000,1679.0530219612
"377",2386.0000000000,10499.9098701445,40.8516189595,0.0016553458,0.0237311183,0.0037048285,0.0000001702,0.0004343759,51.2513775640,1.0000000000,0.7000000000,1712.6340824004
"378",2387.0000000000,10499.9124265809,40.9193546420,0.0016454435,0.0235684445,0.0036500774,0.0000001627,0.0004292194,50.9925189831,1.0000000000,0.7000000000,1746.8867640484
"379",2388.0000000000,10499.9149105071,40.9867960984,0.0016356004,0.0234070468,0.0035961354,0.0000001556,0.0004241271,50.7349678355,1.0000000000,0.7000000000,1781.8244993294
"380",2389.0000000000,10499.9173239796,41.0539439446,0.0016258162,0.0232469141,0.0035429905,0.0000001488,0.0004190980,50.4787175179,1.0000000000,0.7000000000,1817.4609893159
"381",2390.0000000000,10499.9196689968,41.1207988037,0.0016160905,0.0230880355,0.0034906310,0.0000001423,0.0004141314,50.2237614601,1.0000000000,0.7000000000,1853.8102091023
"382",2391.0000000000,10499.9219475003,41.1873613056,0.0016064230,0.0229303999,0.0034390454,0.0000001361,0.0004092265,49.9700931249,1.0000000000,0.7000000000,1890.8864132843
"383",2392.0000000000,10499.9241613767,41.2536320871,0.0015968133,0.0227739966,0.0033882220,0.0000001302,0.0004043825,49.7177060085,1.0000000000,0.7000000000,1928.7041415500
"384",2393.0000000000,10499.9263124591,41.3196117918,0.0015872611,0.0226188149,0.0033381498,0.0000001245,0.0003995985,49.4665936397,1.0000000000,0.7000000000,1967.2782243810
"385",2394.0000000000,10499.9284025285,41.3853010695,0.0015777660,0.0224648442,0.0032888175,0.0000001191,0.0003948738,49.2167495800,1.0000000000,0.7000000000,2006.6237888686
"386",2395.0000000000,10499.9304333155,41.4507005767,0.0015683278,0.0223120740,0.0032402143,0.0000001139,0.0003902076,48.9681674236,1.0000000000,0.7000000000,2046.7562646460
"387",2396.0000000000,10499.9324065016,41.5158109761,0.0015589460,0.0221604940,0.0031923294,0.0000001089,0.0003855992,48.7208407968,1.0000000000,0.7000000000,2087.6913899389
"388",2397.0000000000,10499.9343237205,41.5806329367,0.0015496203,0.0220100937,0.0031451521,0.0000001042,0.0003810479,48.4747633583,1.0000000000,0.7000000000,2129.4452177377
"389",2398.0000000000,10499.9361865596,41.6451671336,0.0015403504,0.0218608631,0.0030986720,0.0000000996,0.0003765528,48.2299287987,1.0000000000,0.7000000000,2172.0341220924
"390",2399.0000000000,10499.9379965614,41.7094142476,0.0015311360,0.0217127920,0.0030528788,0.0000000953,0.0003721133,47.9863308405,1.0000000000,0.7000000000,2215.4748045343
"391",2400.0000000000,10499.9397552245,41.7733749656,0.0015219767,0.0215658704,0.0030077624,0.0000000911,0.0003677286,47.7439632380,1.0000000000,0.7000000000,2259.7843006250
"392",2401.0000000000,10499.9414640051,41.8370499802,0.0015128722,0.0214200883,0.0029633127,0.0000000871,0.0003633981,47.5028197769,1.0000000000,0.7000000000,2304.9799866375
"393",2402.0000000000,10499.9431243181,41.9004399896,0.0015038221,0.0212754361,0.0029195199,0.0000000833,0.0003591210,47.2628942743,1.0000000000,0.7000000000,2351.0795863702
"394",2403.0000000000,10499.9447375381,41.9635456973,0.0014948262,0.0211319039,0.0028763743,0.0000000797,0.0003548966,47.0241805787,1.0000000000,0.7000000000,2398.1011780976
"395",2404.0000000000,10499.9463050009,42.0263678127,0.0014858841,0.0209894821,0.0028338663,0.0000000762,0.0003507243,46.7866725695,1.0000000000,0.7000000000,2446.0632016596
"396",2405.0000000000,10499.9478280044,42.0889070499,0.0014769955,0.0208481612,0.0027919865,0.0000000729,0.0003466034,46.5503641570,1.0000000000,0.7000000000,2494.9844656928
"397",2406.0000000000,10499.9493078095,42.1511641286,0.0014681600,0.0207079316,0.0027507256,0.0000000697,0.0003425332,46.3152492824,1.0000000000,0.7000000000,2544.8841550066
"398",2407.0000000000,10499.9507456416,42.2131397734,0.0014593774,0.0205687841,0.0027100745,0.0000000667,0.0003385131,46.0813219174,1.0000000000,0.7000000000,2595.7818381068
"399",2408.0000000000,10499.9521426911,42.2748347138,0.0014506474,0.0204307094,0.0026700241,0.0000000637,0.0003345425,45.8485760642,1.0000000000,0.7000000000,2647.6974748689
"400",2409.0000000000,10499.9535001149,42.3362496844,0.0014419696,0.0202936982,0.0026305656,0.0000000610,0.0003306206,45.6170057552,1.0000000000,0.7000000000,2700.6514243663
